{
  "epochs": [
    1,
    2,
    3,
    4,
    5,
    6,
    7,
    8,
    9,
    10,
    11,
    12,
    13,
    14,
    15,
    16,
    17,
    18,
    19,
    20,
    21,
    22,
    23,
    24,
    25,
    26,
    27,
    28,
    29,
    30,
    31,
    32,
    33,
    34,
    35,
    36,
    37,
    38,
    39,
    40,
    41,
    42,
    43,
    44,
    45,
    46,
    47,
    48,
    49,
    50,
    51,
    52,
    53,
    54,
    55,
    56,
    57,
    58,
    59,
    60,
    61,
    62,
    63,
    64,
    65,
    66,
    67,
    68,
    69,
    70,
    71,
    72,
    73,
    74,
    75,
    76,
    77,
    78,
    79,
    80,
    81,
    82,
    83,
    84,
    85,
    86,
    87,
    88,
    89,
    90,
    91,
    92,
    93,
    94,
    95,
    96,
    97,
    98,
    99,
    100
  ],
  "train_loss": [
    3.893172612388013,
    3.372182371429584,
    3.0057737091169927,
    2.7563824065819316,
    2.536394719154604,
    2.3233268711424095,
    2.1195504099542646,
    2.0211335849102743,
    1.8320685723959576,
    1.7103731343823094,
    1.6120665823259661,
    1.502676781146757,
    1.410454042221544,
    1.3278023449506628,
    1.1884208453415726,
    1.1407371591862445,
    1.059722890090283,
    0.9728685403199789,
    0.9083429033855139,
    0.8455352441918466,
    0.8330477537922046,
    0.7577195891312191,
    0.7005169040733769,
    0.6670672241855876,
    0.615164748397291,
    0.5957303819019124,
    0.5433781803478294,
    0.5386032372850427,
    0.49232874893098383,
    0.4894904994882197,
    0.4534226312615355,
    0.44155618792168005,
    0.39832838144033184,
    0.39118114443418617,
    0.3581676995081286,
    0.3612483745346421,
    0.3487294148739582,
    0.3265352835578303,
    0.3398435802503665,
    0.31671047801246294,
    0.27072354306548424,
    0.3050299841515754,
    0.3049343753829255,
    0.2667500102197245,
    0.28374486545332567,
    0.249200332223133,
    0.25686638350791646,
    0.2547518272588055,
    0.23562309869526443,
    0.23523193216680932,
    0.2491055427093385,
    0.2105731581539465,
    0.22701173974415673,
    0.20518582045585604,
    0.193699225268331,
    0.19859387723874936,
    0.22197810849732794,
    0.19827616836206155,
    0.18719641451427738,
    0.2190087397286694,
    0.16888365098425456,
    0.20629862931981888,
    0.1758346797014299,
    0.20069950277389195,
    0.1701654191279123,
    0.17866732777538388,
    0.17358188783483847,
    0.18411856362690573,
    0.16807904372996038,
    0.17008770233200443,
    0.17867456871827353,
    0.17034287438277276,
    0.18309370281543874,
    0.17008409547846987,
    0.16742108575141376,
    0.1673461377260185,
    0.14913029521532048,
    0.15819701871272468,
    0.14946976824650704,
    0.1578078318970956,
    0.15082345328675711,
    0.16504791922317946,
    0.13004704665238132,
    0.14395720540430001,
    0.15036041254375113,
    0.17203040705126826,
    0.14916685905977053,
    0.14695733308380102,
    0.12801616376454722,
    0.16004516984323203,
    0.13324429227408313,
    0.14908827846861242,
    0.14450207749201405,
    0.13901774681383564,
    0.1243034739450719,
    0.13381942107088968,
    0.13089992280637477,
    0.15076460697031516,
    0.13490832697016442,
    0.14633806744667655
  ],
  "train_acc": [
    20.11237573836623,
    27.200691543005327,
    32.790664169428034,
    37.343322287854775,
    41.50698746578303,
    44.93588820054747,
    48.811410459587954,
    50.56908226480334,
    54.401383086010654,
    56.5912692695577,
    59.06929837199251,
    61.08629880420688,
    63.146520674254425,
    64.45757095519377,
    68.6500504250108,
    69.67295778706239,
    71.20011525716755,
    74.16798732171156,
    75.6231090620948,
    76.55957354848005,
    77.78418095375305,
    78.87912404552658,
    80.11813859674398,
    81.14104595879556,
    82.06310329923642,
    83.40296787206455,
    84.38265379628295,
    84.26739662872785,
    85.95303270422129,
    86.08269701772079,
    86.75983287710704,
    87.1920472554387,
    88.50309753637804,
    88.53191182826681,
    89.26667627143064,
    89.02175479037602,
    89.64126206598473,
    90.50569082264803,
    89.82855496326178,
    91.03875522259041,
    92.07606973058637,
    91.12519809825673,
    90.88027661720213,
    92.10488402247515,
    91.90318397925371,
    92.47946981702924,
    92.43624837919609,
    92.2777697738078,
    92.79642702780579,
    93.22864140613744,
    92.47946981702924,
    93.73289151419104,
    93.41593430341449,
    94.07866301685635,
    94.09307016280076,
    94.13629160063391,
    93.5311914709696,
    94.26595591413341,
    94.35239878979974,
    93.47356288719205,
    95.00072035729723,
    93.7761129520242,
    94.71257743840945,
    93.96340584930125,
    94.68376314652068,
    94.8998703356865,
    94.8998703356865,
    94.52528454113241,
    94.8998703356865,
    94.74139173029823,
    94.88546318974211,
    94.77020602218701,
    94.75579887624261,
    95.029534649186,
    94.75579887624261,
    94.87105604379772,
    95.46174902751766,
    95.10157037890794,
    95.56259904912837,
    95.2600489842962,
    95.41852758968449,
    95.1591989626855,
    96.42702780579168,
    95.67785621668348,
    95.36089900590693,
    95.17360610862988,
    95.73548480046102,
    95.49056331940643,
    96.16769917879267,
    95.38971329779571,
    95.92277769773808,
    95.37530615185132,
    95.73548480046102,
    96.11007059501513,
    96.44143495173606,
    96.1532920328483,
    96.35499207606973,
    95.46174902751766,
    95.8939634058493,
    95.7642990923498
  ],
  "val_loss": [
    4.181837658448653,
    3.7018226146698,
    3.089226579666138,
    2.914224420894276,
    3.1095141584222965,
    2.8015742778778074,
    2.9625550530173563,
    2.6000613992864436,
    2.2289841305125844,
    2.4830053481188687,
    2.079180693626404,
    1.8125994747335261,
    1.915570120377974,
    1.8531281753019853,
    1.7975718888369474,
    1.63109224059365,
    1.5311826998537237,
    1.58583900495009,
    1.5965605074709113,
    1.6490255204114046,
    1.6564182509075511,
    1.3257793762467125,
    1.427275638146834,
    1.3400149204514242,
    1.2990141532637856,
    1.3390214009718462,
    1.2579833870584314,
    1.2656403628262607,
    1.5005130323496731,
    1.2868994701992382,
    1.4712413105097684,
    1.3005130074240945,
    1.4523271051320163,
    1.4102106191895225,
    1.3303014007481662,
    1.2882317450913516,
    1.4921591834588483,
    1.2739638469435952,
    1.2500768845731562,
    1.2465486878698522,
    1.2374371030113913,
    1.3432816884734413,
    1.300259433551268,
    1.2689736360853368,
    1.2630634968931025,
    1.2777984619140625,
    1.1839083427732642,
    1.241754873232408,
    1.323156474937092,
    1.4439478039741516,
    1.1620759665966034,
    1.2160058129917493,
    1.4617226719856262,
    1.2722594927657733,
    1.3613718336278742,
    1.2837536280805415,
    1.2729814253070137,
    1.1881156905130907,
    1.22107604525306,
    1.4228126536716115,
    1.236441618204117,
    1.3548277990384536,
    1.2899501459165053,
    1.274811397899281,
    1.235018877549605,
    1.2976044752381064,
    1.2355102772062474,
    1.1478934596885335,
    1.1765726013617082,
    1.2623564633456144,
    1.2943098664283752,
    1.2305154968391765,
    1.3324511636387217,
    1.199500902674415,
    1.3008139198476618,
    1.308832953192971,
    1.2518695831298827,
    1.2427503152327104,
    1.2883220813491127,
    1.2997201789509167,
    1.3284605026245118,
    1.1623043396256187,
    1.3032199030572718,
    1.320533915812319,
    1.4332435781305486,
    1.2411147876219315,
    1.2959533853964371,
    1.1766791582107543,
    1.3493347807364031,
    1.3073278080333364,
    1.3652278369123285,
    1.289203831282529,
    1.1884011937813326,
    1.2388593202287501,
    1.244282629815015,
    1.2227405710653825,
    1.2792093472047286,
    1.2505974092266776,
    1.5825654051520608,
    1.447380767627196
  ],