{
  "epochs": [
    1,
    2,
    3,
    4,
    5
  ],
  "train_loss": [
    4.770639578501384,
    4.03434681892395,
    4.488683144251506,
    5.326243162155151,
    4.365349292755127
  ],
  "train_acc": [
    7.5,
    8.75,
    3.75,
    5.0,
    17.5
  ],
  "val_loss": [
    4.606266498565674,
    4.566429138183594,
    6.5274529457092285,
    35.585697174072266,
    81.52165222167969
  ],
  "val_acc": [
    0.0,
    10.0,
    0.0,
    0.0,
    0.0
  ]
}