{
  "epochs": [
    1,
    2,
    3,
    4,
    5,
    6,
    7,
    8,
    9,
    10,
    11,
    12,
    13,
    14,
    15,
    16,
    17,
    18,
    19,
    20,
    21,
    22,
    23,
    24,
    25,
    26,
    27,
    28,
    29,
    30,
    31,
    32,
    33,
    34,
    35,
    36,
    37,
    38,
    39,
    40,
    41,
    42,
    43,
    44,
    45,
    46,
    47,
    48,
    49,
    50,
    51,
    52,
    53,
    54,
    55,
    56,
    57,
    58,
    59,
    60,
    61,
    62,
    63,
    64,
    65,
    66,
    67,
    68,
    69,
    70,
    71,
    72,
    73,
    74,
    75,
    76,
    77,
    78,
    79,
    80,
    81,
    82,
    83,
    84,
    85,
    86,
    87,
    88,
    89,
    90,
    91,
    92,
    93,
    94,
    95,
    96,
    97,
    98,
    99,
    100
  ],
  "train_loss": [
    4.446215661440028,
    4.008685442709154,
    3.917931442436535,
    3.858040643727175,
    3.7359389017254525,
    3.6112629982732956,
    3.4554518411785775,
    3.362849523394888,
    3.2493223880293183,
    3.1497872260309037,
    3.0562231969174154,
    2.9553890656765707,
    2.85705504274588,
    2.7735053471156528,
    2.723554245887264,
    2.6321839791838473,
    2.5600132920225644,
    2.502916570083337,
    2.411029756893211,
    2.3465319251135197,
    2.2669306515548637,
    2.21161516415908,
    2.139223640964877,
    2.079513633855477,
    2.0056467649574103,
    1.9417334300581761,
    1.8917023888381395,
    1.8567150350539916,
    1.8113385403211215,
    1.7493939438173849,
    1.7064510078474124,
    1.6692575784872203,
    1.60876605450283,
    1.5816767432722627,
    1.532957693124147,
    1.5058846001251502,
    1.461693787904379,
    1.414013991707481,
    1.3727778847316443,
    1.3465144126096629,
    1.319783962542011,
    1.3059834057834292,
    1.2340279367112894,
    1.2310751967715778,
    1.1726932226238163,
    1.1557939231121046,
    1.1196660833424688,
    1.0882382033058027,
    1.0790875477175559,
    1.0420010142062666,
    1.0275408051530337,
    0.9952757321469795,
    0.9463421402988346,
    0.9355214082974992,
    0.9268489379075265,
    0.8812321598903374,
    0.8515055586116105,
    0.8512458128313865,
    0.8470355847738855,
    0.7997571228561313,
    0.7991446911739314,
    0.7573545580635422,
    0.7346329351174666,
    0.7273210525375358,
    0.695237157188253,
    0.6793873231463169,
    0.6572553452258835,
    0.629548901374439,
    0.6258851920816756,
    0.6024786476990045,
    0.5984665401932281,
    0.5507302179863925,
    0.5690213090950443,
    0.5398102671525995,
    0.5231630333145643,
    0.5006424330071919,
    0.5020896429153082,
    0.48592503986875035,
    0.4913641843721614,
    0.44699310013500776,
    0.4516049428297902,
    0.4251452924057086,
    0.4308538812165436,
    0.40286391616416967,
    0.39245240005754656,
    0.3890112921046222,
    0.38724778838078,
    0.34410232860028467,
    0.35322192239184536,
    0.35209434029693426,
    0.35384926599909633,
    0.3206288903814307,
    0.2962248437621626,
    0.3235644842347791,
    0.3035243105675493,
    0.2921034990196129,
    0.3038113477214965,
    0.2714975599182366,
    0.2896910089450086,
    0.2716326528241695
  ],
  "train_acc": [
    10.92061662584642,
    17.519089468376315,
    18.93098977092638,
    20.544590116697883,
    22.287854775968878,
    23.36839072179801,
    25.255726840512892,
    27.056620083561445,
    28.71344186716611,
    30.211785045382513,
    31.63809249387696,
    33.39576429909235,
    34.86529318541997,
    36.63737213657974,
    37.96282956346348,
    39.23065840656966,
    40.4264515199539,
    41.23325169283965,
    43.250252125054025,
    44.33078807088316,
    45.800316957210775,
    46.88085290303991,
    48.49445324881141,
    49.04192479469817,
    50.799596599913556,
    51.83691110790952,
    53.032704221293756,
    53.53695432934735,
    54.487825961677,
    55.78446909667195,
    56.25990491283677,
    57.52773375594295,
    59.285405561158335,
    59.14133410171445,
    59.96254142054459,
    61.388848869039045,
    61.360034577150266,
    63.117706382365654,
    64.03976372280651,
    64.03976372280651,
    65.04826393891369,
    64.9185996254142,
    67.06526437112808,
    67.20933583057196,
    68.53479325745569,
    68.67886471689958,
    69.34159343034145,
    70.62382941939201,
    70.5229793977813,
    71.71877251116554,
    71.05604379772366,
    72.77049416510589,
    73.53407290015848,
    73.98069442443452,
    74.24002305143351,
    75.23411612159632,
    75.60870191615041,
    76.2282091917591,
    76.63160927820198,
    77.4816308889209,
    77.40959515919896,
    78.79268116986024,
    78.79268116986024,
    78.95115977524853,
    80.13254574268838,
    80.33424578590981,
    80.73764587235269,
    81.70292465062671,
    81.3571531479614,
    82.69701772078952,
    82.36565336406858,
    83.56144647745282,
    83.67670364500792,
    84.25298948278346,
    84.15213946117274,
    85.37674686644576,
    84.62757527733757,
    85.53522547183402,
    85.27589684483505,
    86.54372568794122,
    86.47168995821927,
    87.17764010949432,
    87.14882581760554,
    88.01325457426884,
    88.33021178504539,
    88.22936176343467,
    88.02766172021322,
    89.62685492004034,
    89.59804062815157,
    89.43956202276328,
    88.97853335254287,
    90.46246938481487,
    90.88027661720213,
    90.03025500648322,
    90.6641694280363,
    91.12519809825673,
    90.89468376314652,
    91.81674110358739,
    90.83705517936896,
    91.71589108197666
  ],
  "val_loss": [
    4.854281217401678,
    4.962071548808705,
    4.8432556282390244,
    4.878273331035267,
    4.5346457958221436,
    5.034453613107854,
    4.832004763863304,
    5.228550217368386,
    5.235514072938399,
    4.811035104231401,
    4.293311790986494,
    4.186094617843628,
    4.763430898839777,
    4.0455408443104135,
    3.375289860638705,
    4.350635389848189,
    3.9637057564475318,
    3.766012178767811,
    3.6207986484874377,
    3.078001746264371,
    2.95418344410983,
    2.855127143859863,
    3.260219359397888,
    2.9251955314116045,
    2.9224955732172186,
    2.6086663051085037,
    2.556833570653742,
    2.4997946349057285,
    2.712929285656322,
    2.2658053549853236,
    2.390405401316556,
    2.1139418493617663,
    2.0682522535324095,
    2.29493943344463,
    2.035258750482039,
    2.087881660461426,
    2.027855529568412,
    2.0695424762639134,
    2.1895994424819945,
    1.9014163028110158,
    1.9878014000979336,
    1.9723443388938904,
    2.1502351652492178,
    1.8279657873240385,
    2.1495631228793752,
    1.9998467857187445,
    1.8759763257070021,
    1.8911411740563133,
    1.9042952873490073,
    1.8514082865281538,
    1.9006623723290184,
    1.8220471653071317,
    1.8219029318202626,
    1.9105612061240456,
    1.9138935305855491,
    1.7635245902971788,
    1.9387468435547568,
    1.9742565090006048,
    1.8398757457733155,
    1.7334026119925758,
    1.7751224691217595,
    1.9029017502611334,
    1.8525129480795426,
    1.6816703178665855,
    1.7155685674060475,
    1.830583792924881,
    1.801633021235466,
    1.7356117183511908,
    1.7233821142803538,
    1.8239374030720104,
    2.0739109938794917,
    2.130540308085355,
    1.7956665635108948,
    1.7891174045476046,
    1.8424422773447904,
    1.972630659016696,
    1.8119452324780552,
    1.6501589720899408,
    1.896518209847537,
    1.727004635334015,
    1.8129293138330633,
    1.8306877060370013,
    1.8606340581720526,
    1.6752353023399007,
    1.6935218561779368,
    1.7528869401324878,
    1.8241091164675627,
    1.7397199544039639,
    1.8351496880704707,
    1.9070209427313372,
    1.837869743867354,
    1.7130228931253606,
    1.8973913344469937,
    1.8842482035810297,
    1.7805361520160328,
    1.9559774908152494,
    1.9502160505814985,
    2.0874477484009484,
    1.8181192040443421,
    1.9389608253132213
  ],